{"cameraMode":{"drawMode":0,"name":"Shaded","section":"Shading Mode"},"sceneLighting":true,"audioPlay":false,"sceneViewState":{"m_AlwaysRefresh":false,"showFog":true,"showSkybox":true,"showFlares":true,"showImageEffects":true,"showParticleSystems":true,"showVisualEffectGraphs":true,"m_FxEnabled":true},"in2DMode":false,"pivot":{"x":1.2230185270309449,"y":4.099588871002197,"z":6.081901550292969},"rotation":{"x":0.0010086741531267763,"y":-0.9954581260681152,"z":0.00473903538659215,"w":0.09646233171224594},"size":2.400813579559326,"orthographic":false}